{
  "width": 848,
  "height": 480,
  "cx": 429.07696533203125,
  "cy": 233.65655517578125,
  "fx": 615.7655639648438,
  "fy": 615.9076538085938
}